{"BE10":3.557169330902626,"BE21":3.8906126911142906,"BE22":4.3284702853464925,"BE23":6.8488888357008655,"BE24":2.256074430490946,"BE25":0,"BE31":5.549217493052509,"BE32":1.4488729585783882,"BE33":3.328171964659805,"BE34":0,"BE35":4.066012915570438,"BEZZ":null,"BG31":2.059037900874636,"BG32":3.0208964264082376,"BG33":2.720437908065686,"BG34":1.325624030461148,"BG41":3.738413717784768,"BG42":1.6381295154418185,"BGZZ":null,"CZ01":7.450995289469685,"CZ02":3.8980891719745223,"CZ03":4.583333333333333,"CZ04":2.260458839406208,"CZ05":4.970305711666468,"CZ06":6.5903621201097,"CZ07":5.116012603838442,"CZ08":4.700928450626446,"CZZZ":0,"DK01":4.773036530476955,"DK02":1.055939013083342,"DK03":2.3955017542229142,"DK04":3.533719765513391,"DK05":3.439547349612865,"DKZZ":null,"EE00":5.206147952202864,"IE04":3.888198757763975,"IE05":3.9720141031291316,"IE06":5.281377375250081,"IEZZ":null,"EL30":5.1957400717164175,"EL41":3.4908969433773174,"EL42":3.61890694239291,"EL43":2.791279744631457,"EL51":3.804691118878174,"EL52":3.5123863749875137,"EL53":0.9601512362569027,"EL54":4.68940791353823,"EL61":3.283204624486294,"EL62":3.9215686274509802,"EL63":2.0898612091272644,"EL64":0.8608971454463072,"EL65":2.9975733929675976,"ELZZ":null,"ES11":7.248963379450088,"ES12":7.054024081115336,"ES13":3.961710839373651,"ES21":6.597708375003572,"ES22":6.157279226414315,"ES23":0.6173556840300979,"ES24":6.162177985948477,"ES30":5.445779428174606,"ES41":5.95624499430932,"ES42":4.375284326580855,"ES43":4.446134990068044,"ES51":5.646222566760338,"ES52":5.513889781530719,"ES53":4.993138393328407,"ES61":5.875060441138511,"ES62":5.45360290305858,"ES63":0,"ES64":0,"ES70":3.6233674885462808,"ESZZ":null,"FR10":3.6539501333760698,"FRB0":1.9224649482413283,"FRC1":2.170336127869623,"FRC2":2.559245094184509,"FRD1":2.108860548470451,"FRD2":2.003096032974616,"FRE1":1.6371198863780465,"FRE2":1.6108891108891108,"FRF1":3.37350795515526,"FRF2":1.5894003993739543,"FRF3":2.4305056486618564,"FRG0":1.9037444393849172,"FRH0":2.220112662433616,"FRI1":2.8972705591378856,"FRI2":2.5923593618807725,"FRI3":2.3585121471382164,"FRJ1":2.9500547443388214,"FRJ2":2.9596607953878897,"FRK1":2.1707392958858867,"FRK2":2.878669903357303,"FRL0":2.724790142057684,"FRM0":2.182142061901581,"FRY1":2.732163080407701,"FRY2":0,"FRY3":1.4810751508502469,"FRY4":1.0216216216216216,"FRY5":0,"FRZZ":null,"HR02":2.642398484778491,"HR03":2.0915061488958435,"HR04":null,"HR05":3.87828984454271,"HR06":0.9330083214255694,"HRZZ":null,"ITC1":1.9779268556589482,"ITC2":0,"ITC3":3.3221837972674186,"ITC4":1.794387200331383,"ITF1":2.1141781681304894,"ITF2":1.9177038354076708,"ITF3":1.327161141785457,"ITF4":1.9572667017585321,"ITF5":2.2478146246704593,"ITF6":1.5333166503628546,"ITG1":1.7379503207764435,"ITG2":1.6423403985277318,"ITH1":5.7491289198606275,"ITH2":4.473582722715002,"ITH3":2.1077579161651734,"ITH4":3.1929046563192904,"ITH5":2.218590811584791,"ITI1":2.824935900353496,"ITI2":1.7089018843404808,"ITI3":1.9243143247808252,"ITI4":1.8463634283812733,"ITZZ":null,"CY00":4.082079016960611,"LV00":5.24958349352813,"LT01":2.9785960185600957,"LT02":2.169649176018603,"LT00":null,"LTZZ":null,"LU00":14.161525518788558,"HU11":3.556082085056825,"HU12":6.20990294456325,"HU21":2.16668577324315,"HU22":2.8812368236120873,"HU23":5.530525928650239,"HU31":2.9598017621145374,"HU32":4.119686416591186,"HU33":3.81791483113069,"HUZZ":null,"MT00":4.262382864792503,"NL11":null,"NL12":null,"NL13":null,"NL21":null,"NL22":null,"NL23":null,"NL31":null,"NL32":null,"NL33":null,"NL34":null,"NL35":null,"NL36":null,"NL41":null,"NL42":null,"NLZZ":55.18459636106695,"AT11":0,"AT12":0.135590254997157,"AT13":6.108597285067873,"AT21":3.3936022253129345,"AT22":6.7226408598860115,"AT31":4.383377156416341,"AT32":5.912678498106666,"AT33":6.966511211234948,"AT34":0,"ATZZ":null,"PL21":2.4880824826931343,"PL22":1.5792460478313741,"PL41":1.7410416615217446,"PL42":1.6420006481581506,"PL43":0.6440957886044592,"PL51":1.9160923629323825,"PL52":0.810209479031107,"PL61":1.295716474585304,"PL62":1.140555437778249,"PL63":1.7310468147445979,"PL71":2.077640250763543,"PL72":1.0888041530757568,"PL81":1.5987556734152686,"PL82":0.5802877351260209,"PL84":2.079254708701816,"PL91":1.7449834158488071,"PL92":1.3953669154228856,"PLZZ":null,"PT11":5.598452748291084,"PT15":4.2789069337741905,"PT16":null,"PT17":null,"PT18":null,"PT19":7.648348306491466,"PT1A":6.6836104858035,"PT1B":4.200173560890946,"PT1C":6.956521739130435,"PT1D":0,"PT20":3.9912120102526547,"PT30":2.1514883583849103,"PTZZ":null,"RO11":4.309169896503258,"RO12":2.8763265446302846,"RO21":4.248310572002149,"RO22":2.255134688822376,"RO31":2.8182343971817656,"RO32":4.99622748278789,"RO41":3.029497741163965,"RO42":4.3955478571061075,"ROZZ":null,"SI03":3.5410842514937237,"SI01":null,"SI04":5.4581988909712695,"SI02":null,"SIZZ":null,"SK01":5.899160317213497,"SK02":2.930118385483019,"SK03":3.748078488109232,"SK04":4.335040789224056,"SKZZ":null,"FI19":5.283996086781378,"FI1B":8.062513990354287,"FI1C":4.638170112665594,"FI1D":4.682546870754461,"FI20":0,"FIZZ":0,"SE11":6.363917561204734,"SE12":5.318951898458354,"SE21":1.3939412465992114,"SE22":4.748533632846624,"SE23":4.128136972283579,"SE31":1.2342819324950365,"SE32":1.4193984454207502,"SE33":4.31858202707774,"SEZZ":null,"IS00":3.801364592417791,"LI00":null,"NO01":null,"NO02":0.8596294516525175,"NO03":null,"NO04":null,"NO05":null,"NO06":6.222485051580262,"NO07":4.106619565653728,"NO08":3.2004546705858323,"NO09":2.1204188481675392,"NO0A":2.8166655035243213,"NO0B":null,"NOZZ":0,"CH01":9.728106885706117,"CH02":8.750386788919108,"CH03":15.253463236413458,"CH04":10.675977713375183,"CH05":2.1160558464223387,"CH06":1.72897946084724,"CH07":4.889702144962895,"CHZZ":0,"ME00":0.6044293337111016,"MK00":1.5119827201974834,"RS11":5.292453562282627,"RS12":3.9099791169451072,"RS21":4.090368608799049,"RS22":4.781876187403664,"RSZZ":null,"TR10":null,"TR21":null,"TR22":null,"TR31":null,"TR32":null,"TR33":null,"TR41":null,"TR42":null,"TR51":null,"TR52":null,"TR61":null,"TR62":null,"TR63":null,"TR71":null,"TR72":null,"TR81":null,"TR82":null,"TR83":null,"TR90":null,"TRA1":null,"TRA2":null,"TRB1":null,"TRB2":null,"TRC1":null,"TRC2":null,"TRC3":null,"TRZZ":null}