{
    "BE1": 24.4060129763319,
    "BE2": 25.002141746931176,
    "BE3": 23.843141967334596,
    "BG3": 14.788631726683214,
    "BG4": 15.637579463716152,
    "CZ0": 22.297845046457557,
    "DK0": 27.113058032255065,
    "DE1": 21.672656133710422,
    "DE2": 21.758727085728115,
    "DE3": 24.09408334728693,
    "DE4": 22.91053864168618,
    "DE5": 23.15823190262652,
    "DE6": 23.934407276090642,
    "DE7": 22.37788753208369,
    "DE8": 24.23637814699267,
    "DE9": 22.305017845120954,
    "DEA": 22.958283006596673,
    "DEB": 22.79728482424429,
    "DEC": 21.779336448681956,
    "DED": 22.9949278808052,
    "DEE": 23.63049747965323,
    "DEF": 23.62678635143002,
    "DEG": 21.30453434801261,
    "EE0": 21.517179023508138,
    "IE0": 27.513095535046144,
    "EL3": 24.746361746361746,
    "EL4": 23.900692124926827,
    "EL5": 24.62199420217314,
    "EL6": 23.709692582495062,
    "ES1": 28.216155815131945,
    "ES2": 29.250407387289517,
    "ES3": 28.80411288828506,
    "ES4": 28.27898599424715,
    "ES5": 26.873163877889894,
    "ES6": 24.566159290429418,
    "ES7": 24.779989129554888,
    "FR1": 28.196239717978848,
    "FRB": 27.693465750431002,
    "FRC": 26.97620374432364,
    "FRD": 27.865388880458507,
    "FRE": 27.386761829008748,
    "FRF": 26.596916938280774,
    "FRG": 28.868800581033412,
    "FRH": 26.756088530033562,
    "FRI": 28.140057011679826,
    "FRJ": 27.93811934854417,
    "FRK": 28.038425366115817,
    "FRL": 26.911596172809894,
    "FRM": 28.476620223770322,
    "FRY": 22.17221135029354,
    "HR0": 23.624840188343885,
    "ITC": 28.168782767986862,
    "ITF": 24.154110494316683,
    "ITG": 23.313285948605795,
    "ITH": 26.910715685506,
    "ITI": 26.906814014693225,
    "CY0": 20.674744432274554,
    "LV0": 19.94999389293233,
    "LT0": 20.581521958301412,
    "LU0": 23.911904167706513,
    "HU1": 23.29817758214953,
    "HU2": 22.568910821290096,
    "HU3": 21.550038121125738,
    "MT0": 22.401646205357142,
    "NL1": 25.393083331668432,
    "NL2": 26.113137929604907,
    "NL3": 25.652509979564396,
    "NL4": 23.5,
    "AT1": 23.427578097039724,
    "AT2": 24.25598591927192,
    "AT3": 23.433464727470437,
    "PL2": 24.447421299397188,
    "PL4": 23.39514034768513,
    "PL5": 23.388645844792133,
    "PL6": 23.803076302046104,
    "PL7": 21.35364795836412,
    "PL8": 21.38990542487227,
    "PL9": 23.617740305891374,
    "PT1": 24.70654060473189,
    "PT2": 24.071113440789755,
    "PT3": 22.32725057353095,
    "RO1": 18.256580169230887,
    "RO2": 17.22577133526227,
    "RO3": 18.252796851269544,
    "RO4": 16.304782907506286,
    "SI0": 31.041329846681347,
    "SK0": 22.2966927359491,
    "FI1": 21.70310461779285,
    "FI2": 25.69002418211635,
    "SE1": 24.86322265083327,
    "SE2": 24.505669906613303,
    "SE3": 22.866095023583064,
    "IS0": 25.63733388182327,
    "LI0": 22.500276977620207,
    "NO0": 25.14119927230354,
    "CH0": 24.32086009129314,
    "MD": 18.401699996205366,
    "GE": 10.47558521343078,
    "RS1": 20.041974094113787,
    "RS2": 16.05784925284375,
    "TR1": 15.510083302696353,
    "TR2": 13.24981227522428,
    "TR3": 12.715706100438155,
    "TR4": 14.701382033563673,
    "TR5": 15.14207655136203,
    "TR6": 9.233019348952045,
    "TR7": 13.452411018314509,
    "TR8": 11.915052287249368,
    "TR9": 14.940505039514942,
    "TRA": 16.99604016794833,
    "TRB": 14.966093094062833,
    "TRC": 9.946037789279927,
    "UA": ":"
}
