{
    "BE1": 22.889061500502603,
    "BE2": 23.80276346546892,
    "BE3": 23.753016693203552,
    "BG3": 63.34550558147393,
    "BG4": 63.837135126811994,
    "CZ0": 41.23364186257829,
    "DK0": 21.394551146284265,
    "DE1": 33.85501945690773,
    "DE2": 34.778268497791764,
    "DE3": 30.481546780659336,
    "DE4": 35.303981264637,
    "DE5": 33.30831884323236,
    "DE6": 27.541621704948362,
    "DE7": 35.33872598584429,
    "DE8": 36.03079881012842,
    "DE9": 35.332417253050274,
    "DEA": 29.13314131747654,
    "DEB": 35.0424967310207,
    "DEC": 30.818631100268185,
    "DED": 38.08943572673958,
    "DEE": 37.304555451908016,
    "DEF": 34.701695742802954,
    "DEG": 36.786786786786784,
    "EE0": 47.15822784810127,
    "IE0": 28.287489512233837,
    "EL3": 30.48336798336798,
    "EL4": 29.06465571663051,
    "EL5": 32.96731944357546,
    "EL6": 30.211107977395468,
    "ES1": 25.301768382209634,
    "ES2": 26.11759913090712,
    "ES3": 23.678441301797072,
    "ES4": 24.96169251861609,
    "ES5": 25.802784519095667,
    "ES6": 27.697751967878776,
    "ES7": 26.922854532628683,
    "FR1": 19.40364277320799,
    "FRB": 20.69543258140495,
    "FRC": 20.347162115696996,
    "FRD": 21.601746255938554,
    "FRE": 20.15714684953888,
    "FRF": 20.81008664586547,
    "FRG": 21.334820502178875,
    "FRH": 21.552022741659997,
    "FRI": 21.10188945788451,
    "FRJ": 20.796082082414006,
    "FRK": 20.283487840924362,
    "FRL": 19.014685109671916,
    "FRM": 20.29105974245303,
    "FRY": 20.667664326004374,
    "HR0": 40.76912282890019,
    "ITC": 28.814351588655175,
    "ITF": 33.15490351572826,
    "ITG": 29.93876435210498,
    "ITH": 28.181913197982812,
    "ITI": 29.679567934341982,
    "CY0": 24.55389740781307,
    "LV0": 52.1586688029429,
    "LT0": 53.18949872968505,
    "LU0": 26.59595707511854,
    "HU1": 49.396827382395024,
    "HU2": 50.04370814240395,
    "HU3": 51.21424072662181,
    "MT0": 29.570079985119047,
    "NL1": 23.43915449623399,
    "NL2": 23.715849259980928,
    "NL3": 21.855510731340598,
    "AT1": 36.01308860371184,
    "AT2": 35.83931656953969,
    "AT3": 34.55779076616374,
    "PL2": 39.97558225304586,
    "PL4": 34.34589873794598,
    "PL5": 45.699247738561645,
    "PL6": 35.62724436333667,
    "PL7": 34.58010730234202,
    "PL8": 46.447393144421675,
    "PL9": 31.596871407169985,
    "PT1": 24.87211108066137,
    "PT2": 26.28925872537457,
    "PT3": 26.075905988519864,
    "RO1": 55.996998714796185,
    "RO2": 56.74793021457014,
    "RO3": 56.851126940326715,
    "RO4": 60.22475813577627,
    "SI0": 37.77085752107725,
    "SK0": 49.54682529162248,
    "FI1": 31.68484216018784,
    "FI2": 36.89162520499208,
    "SE1": 28.814008017547838,
    "SE2": 29.811082523346677,
    "SE3": 29.893067805492674,
    "IS0": 27.956989247311824,
    "LI0": 24.292322180367826,
    "NO0": 23.36000760989762,
    "CH0": 28.425127849640972,
    "MD": 56.06875877509201,
    "GE": 41.018959855947465,
    "RS1": 51.16510903426791,
    "RS2": 55.195930813710724,
    "TR1": 34.25632840451574,
    "TR2": 45.16539540765916,
    "TR3": 41.29929221435793,
    "TR4": 40.000822639026,
    "TR5": 38.53820893662843,
    "TR6": 33.92306040844806,
    "TR7": 40.9328816393357,
    "TR8": 42.62046405993119,
    "TR9": 38.418017625938425,
    "TRA": 37.23895886735941,
    "TRB": 36.89809475480925,
    "TRC": 37.475418089139914,
    "UA": ":"
}
