{
    "BE1": 41.38604587407474,
    "BE2": 40.89512783169541,
    "BE3": 40.60243738796929,
    "BG3": 16.945848656937528,
    "BG4": 15.850949165218545,
    "CZ0": 28.8366457912038,
    "DK0": 39.70617102829808,
    "DE1": 37.71982052863249,
    "DE2": 36.780809486357306,
    "DE3": 37.491504722881594,
    "DE4": 35.37985948477751,
    "DE5": 36.40798023245172,
    "DE6": 40.67365500231232,
    "DE7": 35.37664307381192,
    "DE8": 33.609337589784516,
    "DE9": 34.43877786282773,
    "DEA": 40.20533308557094,
    "DEB": 35.01846011845242,
    "DEC": 39.9171233552484,
    "DED": 33.657275320970044,
    "DEE": 33.62031339592123,
    "DEF": 34.784323299092975,
    "DEG": 34.86467834293922,
    "EE0": 27.226039783001802,
    "IE0": 32.229755776774994,
    "EL3": 34.52702702702703,
    "EL4": 36.32565453439389,
    "EL5": 34.17068134893324,
    "EL6": 36.03459622073892,
    "ES1": 36.26028091420554,
    "ES2": 36.95138511678435,
    "ES3": 33.80936207003027,
    "ES4": 36.00903250087369,
    "ES5": 37.29595095159024,
    "ES6": 37.391965156636346,
    "ES7": 35.70594289547025,
    "FR1": 44.84723854289072,
    "FRB": 45.14362722482577,
    "FRC": 45.777261355687024,
    "FRD": 43.818650853867794,
    "FRE": 44.6600167680633,
    "FRF": 44.88882187141151,
    "FRG": 43.386854119111845,
    "FRH": 44.57914790439902,
    "FRI": 44.011250977523275,
    "FRJ": 44.141616396077,
    "FRK": 44.66209861614939,
    "FRL": 46.89240691879215,
    "FRM": 44.9031560059109,
    "FRY": 51.04524001381375,
    "HR0": 30.963703264835196,
    "ITC": 35.47849156717831,
    "ITF": 34.929288924134276,
    "ITG": 39.48715144887916,
    "ITH": 37.21486242847065,
    "ITI": 35.28993551445,
    "CY0": 43.96221248630887,
    "LV0": 24.58849141058893,
    "LT0": 23.311690930354466,
    "LU0": 39.84527077614175,
    "HU1": 20.994159819243656,
    "HU2": 22.10010574550582,
    "HU3": 21.22584280836675,
    "MT0": 33.86346726190476,
    "NL1": 42.678760513855316,
    "NL2": 41.779984246092624,
    "NL3": 44.355854854250694,
    "AT1": 34.548801063449055,
    "AT2": 33.889264518067776,
    "AT3": 35.627067192243224,
    "PL2": 29.58108302881803,
    "PL4": 34.986023123873174,
    "PL5": 22.364757947824025,
    "PL6": 32.13633955377641,
    "PL7": 36.17357920776174,
    "PL8": 25.588074765351685,
    "PL9": 35.81681357349406,
    "PT1": 39.74947474193843,
    "PT2": 38.08063600227145,
    "PT3": 36.04154172735147,
    "RO1": 16.533812746547405,
    "RO2": 18.782049445669934,
    "RO3": 17.638166948312623,
    "RO4": 15.054112635848028,
    "SI0": 27.483425744078303,
    "SK0": 19.49148329798514,
    "FI1": 43.27889381685364,
    "FI2": 32.31925952691998,
    "SE1": 39.246905176108726,
    "SE2": 38.51963026491328,
    "SE3": 40.97878081687722,
    "IS0": 38.062916366711235,
    "LI0": 45.48111012630181,
    "NO0": 40.938871119249484,
    "CH0": 40.57313261048695,
    "MD": 20.88339088528822,
    "GE": 40.982946721745584,
    "RS1": 22.85555009017873,
    "RS2": 23.429453519415937,
    "TR1": 32.06212282888424,
    "TR2": 22.584673754100322,
    "TR3": 30.021907650825753,
    "TR4": 29.905396512010526,
    "TR5": 32.20728136763699,
    "TR6": 44.985642594530766,
    "TR7": 31.38373379083317,
    "TR8": 29.26984288401892,
    "TR9": 29.480420569529464,
    "TRA": 29.98906682101744,
    "TRB": 32.259076440466856,
    "TRC": 39.812469518430525,
    "UA": ":"
}
