{
    "BE1": 11.318879649090743,
    "BE2": 10.29996695590449,
    "BE3": 11.801403951492574,
    "BG3": 4.920014034905329,
    "BG4": 4.674336244253316,
    "CZ0": 7.631867299760363,
    "DK0": 11.786219793162587,
    "DE1": 6.752503880749357,
    "DE2": 6.682194930122814,
    "DE3": 7.932865149172143,
    "DE4": 6.405620608899297,
    "DE5": 7.125469021689393,
    "DE6": 7.850316016648681,
    "DE7": 6.906743408260092,
    "DE8": 6.123485453094391,
    "DE9": 7.923787039001043,
    "DEA": 7.703242590355849,
    "DEB": 7.141758326282595,
    "DEC": 7.484909095801455,
    "DED": 5.258361071485179,
    "DEE": 5.444633672517522,
    "DEF": 6.887194606674053,
    "DEG": 7.044000522261391,
    "EE0": 4.098553345388789,
    "IE0": 11.969659175945031,
    "EL3": 10.243243243243244,
    "EL4": 10.708997624048758,
    "EL5": 8.24000500531815,
    "EL6": 10.04460321937054,
    "ES1": 10.221794888452894,
    "ES2": 7.680608365019012,
    "ES3": 13.708083739887606,
    "ES4": 10.750288986263072,
    "ES5": 10.028100651424193,
    "ES6": 10.344123585055465,
    "ES7": 12.591213442346167,
    "FR1": 7.552878965922445,
    "FRB": 6.467474443338271,
    "FRC": 6.899372784292337,
    "FRD": 6.7142140097351435,
    "FRE": 7.796074553389083,
    "FRF": 7.704174544442253,
    "FRG": 6.409524797675867,
    "FRH": 7.112740823907409,
    "FRI": 6.7468025529123885,
    "FRJ": 7.124182172964838,
    "FRK": 7.015988176810427,
    "FRL": 7.181311798726048,
    "FRM": 6.329164027865739,
    "FRY": 6.114884309888338,
    "HR0": 4.642333717920733,
    "ITC": 7.538374076179648,
    "ITF": 7.761697065820777,
    "ITG": 7.260798250410061,
    "ITH": 7.692508688040553,
    "ITI": 8.123682536514785,
    "CY0": 10.809145673603505,
    "LV0": 3.302845893535849,
    "LT0": 2.917288381659072,
    "LU0": 9.646867981033193,
    "HU1": 6.31083521621178,
    "HU2": 5.2872752908001415,
    "HU3": 6.0098783438857035,
    "MT0": 14.16480654761905,
    "NL1": 8.489001658242264,
    "NL2": 8.391028564321545,
    "NL3": 8.136124434844298,
    "NL4": 8.8,
    "AT1": 6.010532235799376,
    "AT2": 6.015432993120619,
    "AT3": 6.381677314122604,
    "PL2": 5.995913418738925,
    "PL4": 7.272937790495723,
    "PL5": 8.547348468822191,
    "PL6": 8.433339780840813,
    "PL7": 7.89266553153211,
    "PL8": 6.574626665354366,
    "PL9": 8.968574713444589,
    "PT1": 10.671873572668309,
    "PT2": 11.558991831564233,
    "PT3": 15.55530171059771,
    "RO1": 9.212608369425523,
    "RO2": 7.244249004497666,
    "RO3": 7.257909260091125,
    "RO4": 8.416346320869428,
    "SI0": 3.704386888163106,
    "SK0": 8.664998674443266,
    "FI1": 3.3331594051656666,
    "FI2": 5.099091085971593,
    "SE1": 7.075864155510174,
    "SE2": 7.163617305126739,
    "SE3": 6.262056354047031,
    "IS0": 8.34276050415367,
    "LI0": 7.72629071571017,
    "NO0": 10.559921998549363,
    "CH0": 6.6808794485789385,
    "MD": 4.646150343414412,
    "GE": 7.522508208876177,
    "RS1": 5.9373667814395805,
    "RS2": 5.3167664140295825,
    "TR1": 18.17146546390366,
    "TR2": 19.00011856301624,
    "TR3": 15.963094034378159,
    "TR4": 15.392398815399805,
    "TR5": 14.112433144372558,
    "TR6": 11.85827764806913,
    "TR7": 14.230973551516628,
    "TR8": 16.19464076880053,
    "TR9": 17.16105676501716,
    "TRA": 15.775934143674833,
    "TRB": 15.876735710661071,
    "TRC": 12.76607460314963,
    "UA": ":"
}
